    Lorem ipsum dolor sit amet, consectetur adipiscing elit.
    Nunc vehicula sem vitae ante aliquam finibus.
    Vivamus nec ipsum ut nulla pharetra ultricies vel luctus nisl.
    Donec nec libero faucibus, volutpat turpis et, maximus ligula.

    Donec egestas arcu id gravida pellentesque.
    Vestibulum eleifend ligula at mi interdum, in congue nisl egestas.
    Sed elementum enim sit amet nibh eleifend, in gravida ligula ullamcorper.
    Sed commodo massa eu magna rutrum hendrerit.
    Aenean suscipit ex eget posuere gravida.
    Cras dapibus metus id elit tincidunt, sit amet fermentum turpis commodo.

    Vestibulum ornare neque in cursus interdum.
    Praesent hendrerit libero consequat arcu bibendum, id mollis lorem varius.

    Nullam dapibus nisi eget tempus viverra.
    Curabitur vel lacus convallis, porta neque ut, porttitor arcu.
    Donec porta dolor id ligula rhoncus vestibulum.
    Nulla varius tellus dictum eros mattis fringilla.
    Quisque convallis mi ac ante tincidunt tincidunt nec eu lectus.
    Suspendisse accumsan neque vitae blandit lobortis.
6,Gar,Nappin,gnappin5@angelfire.com,Genderqueer,87.189.8.98
7,Irvin,Kainz,ikainz6@sohu.com,Bigender,214.144.100.233
8,Sigrid,Skea,sskea7@walmart.com,Genderqueer,124.26.215.14
9,Celeste,Emmanuele,cemmanuele8@dell.com,Non-binary,107.203.91.184
10,Philippa,Tireman,ptireman9@meetup.com,Non-binary,1.21.151.93
11,Cyndy,O'Grada,cogradaa@twitpic.com,Non-binary,237.166.157.57
12,Somerset,Aughtie,saughtieb@fc2.com,Bigender,17.90.249.28
13,Gilda,Soots,gsootsc@weather.com,Genderfluid,210.171.191.1
14,Gardner,Liddy,gliddyd@reverbnation.com,Genderqueer,95.77.220.140
15,Lena,Dunguy,ldunguye@omniture.com,Non-binary,47.200.73.232
16,Trixie,Binford,tbinfordf@businessinsider.com,Female,95.84.177.195
17,Hershel,Hintze,hhintzeg@nih.gov,Agender,26.209.209.195
18,Dalton,Batman,dbatmanh@blogs.com,Genderfluid,49.215.143.67
19,Guthry,Richmond,grichmondi@comsenz.com,Bigender,166.3.254.181
20,Patin,Treadger,ptreadgerj@hibu.com,Female,216.242.81.109
21,Faye,Vanstone,fvanstonek@time.com,Genderqueer,170.166.231.216
22,Fredek,McFie,fmcfiel@cdbaby.com,Female,76.149.147.25
23,Colette,Loins,cloinsm@tinypic.com,Genderfluid,16.107.208.152
24,Odie,Dinis,odinisn@google.com,Agender,178.198.59.238
25,Katrina,Hinken,khinkeno@rediff.com,Male,182.238.223.90
26,Shani,Housego,shousegop@tumblr.com,Agender,139.190.142.224
27,Gwyneth,Binley,gbinleyq@ehow.com,Polygender,41.35.173.113
28,Daisey,Willows,dwillowsr@auda.org.au,Genderqueer,173.116.182.156
29,Marshal,Fosdick,mfosdicks@so-net.ne.jp,Agender,223.179.215.214
30,Forrester,Friatt,ffriattt@cdbaby.com,Female,24.73.177.65
31,Hali,Parton,hpartonu@shutterfly.com,Genderqueer,60.149.169.215
32,Murdoch,Litzmann,mlitzmannv@nature.com,Bigender,33.240.213.24
33,Tabby,Harries,tharriesw@youtu.be,Bigender,126.207.72.237
34,Anet,Treadwell,atreadwellx@microsoft.com,Agender,201.139.87.188
35,Idelle,Alford,ialfordy@addtoany.com,Genderfluid,231.171.254.51
36,Nonie,Cosker,ncoskerz@ted.com,Genderqueer,24.148.202.102
37,Anissa,Jaggs,ajaggs10@ibm.com,Male,13.196.183.112
38,Hasheem,Norval,hnorval11@unc.edu,Bigender,6.72.49.230
39,Millie,Jozefiak,mjozefiak12@google.com,Agender,74.241.19.15
40,Cristi,Waterfall,cwaterfall13@studiopress.com,Polygender,128.21.192.243
41,Jobi,Ings,jings14@blog.com,Agender,237.147.121.50
42,Vail,Hatry,vhatry15@elegantthemes.com,Non-binary,12.61.155.56
43,Tarrance,Hissie,thissie16@linkedin.com,Bigender,18.45.228.34
44,Chancey,Abbate,cabbate17@geocities.jp,Female,130.188.167.201
45,Anneliese,Wootton,awootton18@printfriendly.com,Bigender,30.30.56.158
46,Bax,Vasse,bvasse19@nyu.edu,Agender,141.255.189.185
47,Eachelle,Crosen,ecrosen1a@foxnews.com,Genderqueer,212.61.79.204
48,Upton,Palatini,upalatini1b@usa.gov,Male,136.53.105.224
49,Pierce,Give,pgive1c@yolasite.com,Genderqueer,96.239.137.245
50,Stavro,Slayford,sslayford1d@google.com.br,Non-binary,138.99.144.99
51,Tully,Seabert,tseabert1e@house.gov,Agender,168.168.130.19
52,Serena,Crowest,scrowest1f@hugedomains.com,Agender,225.189.106.24
53,Simone,Halfhead,shalfhead1g@epa.gov,Male,98.167.114.238
54,John,Biasi,jbiasi1h@gnu.org,Non-binary,29.74.66.151
55,Emory,Wylder,ewylder1i@chron.com,Male,44.171.26.242
56,Burt,Edgeworth,bedgeworth1j@elpais.com,Female,5.61.3.120
57,Irving,Lamborn,ilamborn1k@php.net,Male,26.187.130.93
58,Aksel,O' Cuolahan,aocuolahan1l@ifeng.com,Female,236.37.219.13
59,Conan,Wingatt,cwingatt1m@rediff.com,Non-binary,90.35.165.39
60,Don,Hobben,dhobben1n@youtube.com,Non-binary,49.227.37.93
61,Gilly,Bellis,gbellis1o@ca.gov,Non-binary,73.77.43.68
62,Dominga,Phelip,dphelip1p@ehow.com,Non-binary,78.85.20.232
63,Sammie,Ellett,sellett1q@europa.eu,Non-binary,223.1.170.44
64,Atlante,People,apeople1r@va.gov,Genderqueer,231.187.39.254
65,Marice,Ruddick,mruddick1s@histats.com,Bigender,35.2.184.218
66,Idalina,Frenchum,ifrenchum1t@about.com,Bigender,177.184.197.222
